dataset,run_id,loss,seed,threshold_convention,threshold,threshold_mean,threshold_min,threshold_max,n_images,tp_global_count,fp_global_count,fn_global_count,f1_global,iou_global,precision_global,recall_global,f1_per_image_mean,iou_per_image_mean,precision_per_image_mean,recall_per_image_mean,case_A_both_empty,case_B_gt_empty_pred_nonempty,case_C_gt_nonempty_pred_empty,case_D_both_nonempty,ods_selected_f1_global
Crack500,bce_seed0,bce,0,fixed_0.5,0.5,0.5,0.5,0.5,1124,10704172,4006046,3773196,0.7334742928037968,0.5791230992283135,0.7276691616670806,0.739372792071045,0.6846176157509191,0.5439540825394831,0.6977479494050715,0.7199050748918256,0,0,10,1114,
Crack500,bce_seed0,bce,0,val_selected,0.43,0.43000000000000005,0.43,0.43,1124,11127382,4661230,3349986,0.7353062415292682,0.5814105087530445,0.7047726551263658,0.7686053155518323,0.6883679390255204,0.5478235408364059,0.6774319134791991,0.7513162528952869,0,0,9,1115,
Crack500,bce_seed0,bce,0,ODS_test_oracle,0.44,0.44,0.44,0.44,1124,11069399,4563321,3407969,0.7352618165712435,0.5813549604218629,0.7080916820617269,0.7646002367281125,0.6880155789763926,0.5475130270285629,0.6805119905327983,0.7469660406077983,0,0,9,1115,0.7352618165712435
Crack500,bce_seed0,bce,0,OIS_test_oracle,,0.408567615658363,0.01,0.97,1124,11883996,4706977,2593372,0.7650228893779684,0.6194632133648555,0.7162928901156068,0.8208671631473345,0.7344941945729598,0.5968536833567599,0.6977312861765509,0.7966972582475446,0,0,0,1124,
Crack500,bce_seed1,bce,1,fixed_0.5,0.5,0.5,0.5,0.5,1124,10823957,4217415,3653411,0.7333617220789235,0.578982756847191,0.7196123465332817,0.747646740761166,0.6830758997361718,0.54376237479091,0.6924550673925028,0.7253065190027962,0,0,19,1105,
Crack500,bce_seed1,bce,1,val_selected,0.47,0.46999999999999986,0.47,0.47,1124,11016302,4517507,3461066,0.7341466147762216,0.5799618054870064,0.709182274611462,0.7609326501889018,0.6849479487531995,0.5455808669236527,0.6842068943573107,0.7395981771052402,0,0,17,1107,
Crack500,bce_seed1,bce,1,ODS_test_oracle,0.46,0.4600000000000001,0.46,0.46,1124,11078043,4618030,3399325,0.7342909945206448,0.580142032127322,0.7057843703963406,0.7651973065822462,0.6854394036706264,0.5460410796365812,0.6820565478963025,0.7442129916117904,0,0,15,1109,0.7342909945206448
Crack500,bce_seed1,bce,1,OIS_test_oracle,,0.42654804270462626,0.01,0.97,1124,11903670,4633561,2573698,0.7676172114944965,0.6228723888828219,0.7198103479355159,0.822226111818115,0.7369083373591709,0.5999444952437551,0.6988335048743776,0.7977984917755708,0,0,1,1123,
Crack500,bce_seed2,bce,2,fixed_0.5,0.5,0.5,0.5,0.5,1124,10420546,3798233,4056822,0.7262679550672778,0.5701889639634833,0.7328720700982834,0.7197818001172589,0.6732532333000855,0.5327081542499539,0.7115378875534369,0.6952129217004709,0,0,8,1116,
Crack500,bce_seed2,bce,2,val_selected,0.44,0.44,0.44,0.44,1124,10848815,4443724,3628553,0.7288443998162305,0.5733715051964231,0.7094188218189276,0.7493637655684375,0.6793080505557831,0.5384507048800459,0.6910749577575542,0.7276488632772656,0,0,7,1117,
Crack500,bce_seed2,bce,2,ODS_test_oracle,0.43,0.43000000000000005,0.43,0.43,1124,10920712,4566864,3556656,0.7288992096898296,0.5734393489850366,0.7051272581325831,0.754329930689059,0.6799403230291594,0.5389852320668415,0.6872208035348079,0.7330518717901253,0,0,7,1117,0.7288992096898296
Crack500,bce_seed2,bce,2,OIS_test_oracle,,0.3994661921708185,0.01,0.96,1124,11866355,4640418,2611013,0.7659631422410581,0.6206971351180518,0.7188779418000114,0.8196486405540012,0.7354519744377551,0.5982649965767365,0.698494623805245,0.794833813271719,0,0,1,1123,
Crack500,focal_seed0,focal,0,fixed_0.5,0.5,0.5,0.5,0.5,1124,10496687,3580936,3980681,0.7351910564426373,0.5812664910281718,0.7456292159549947,0.7250411124453008,0.6805181882654973,0.5418160812954582,0.7197683625121414,0.6960745308134886,0,0,13,1111,
Crack500,focal_seed0,focal,0,val_selected,0.47,0.46999999999999986,0.47,0.47,1124,11019651,4328623,3457717,0.7389380587348295,0.585964919370641,0.7179733043598258,0.7611639767670477,0.688420744173331,0.5494561750097526,0.6969917917992475,0.7354294517388104,0,0,11,1113,
Crack500,focal_seed0,focal,0,ODS_test_oracle,0.46,0.4600000000000001,0.46,0.46,1124,11172308,4579048,3305060,0.739184889180238,0.5862754045671547,0.7092918222405741,0.771708503921431,0.6898658644371205,0.55071718251593,0.6890321822625121,0.746993725570203,0,0,11,1113,0.739184889180238
Crack500,focal_seed0,focal,0,OIS_test_oracle,,0.4325,0.02,0.81,1124,12017529,4784978,2459839,0.7683872777624591,0.6238870903886785,0.7152223772321594,0.8300907319617765,0.7422107293547966,0.6055599767134419,0.700106348936609,0.8080693869341711,0,0,0,1124,
Crack500,focal_seed1,focal,1,fixed_0.5,0.5,0.5,0.5,0.5,1124,11230683,4695647,3246685,0.7387708560978339,0.5857546661284102,0.7051645294301951,0.7757406594900399,0.693826746583822,0.5530988088527127,0.6821125286630325,0.7551093736884125,0,0,8,1116,
Crack500,focal_seed1,focal,1,val_selected,0.5,0.5,0.5,0.5,1124,11230683,4695647,3246685,0.7387708560978339,0.5857546661284102,0.7051645294301951,0.7757406594900399,0.693826746583822,0.5530988088527127,0.6821125286630325,0.7551093736884125,0,0,8,1116,
Crack500,focal_seed1,focal,1,ODS_test_oracle,0.5,0.5,0.5,0.5,1124,11230683,4695647,3246685,0.7387708560978339,0.5857546661284102,0.7051645294301951,0.7757406594900399,0.693826746583822,0.5530988088527127,0.6821125286630325,0.7551093736884125,0,0,8,1116,0.7387708560978339
Crack500,focal_seed1,focal,1,OIS_test_oracle,,0.47752669039145906,0.07,0.83,1124,12012440,4771811,2464928,0.768510421677137,0.6240494724476301,0.7156971139194713,0.8297392177915213,0.7387076469477333,0.6011869960863546,0.696941755304734,0.8046225042471038,0,0,0,1124,
Crack500,focal_seed2,focal,2,fixed_0.5,0.5,0.5,0.5,0.5,1124,10738847,3849307,3738521,0.7389405908484974,0.5859681038704512,0.736134743299255,0.7417679097471308,0.6905490278526013,0.5507727716410039,0.7044650102630602,0.7234135027828719,0,0,11,1113,
Crack500,focal_seed2,focal,2,val_selected,0.48,0.48,0.48,0.48,1124,11106635,4388037,3370733,0.7411330693539713,0.5887302710967509,0.7168034921939619,0.7671722511992511,0.694407224247597,0.5546510680907945,0.6872087405514168,0.7509720746615235,0,0,10,1114,
Crack500,focal_seed2,focal,2,ODS_test_oracle,0.47,0.46999999999999986,0.47,0.47,1124,11285062,4682341,3192306,0.7413464860681659,0.5889996554749344,0.7067562583596093,0.7794967980367702,0.6953970821247879,0.55551922564979,0.6777814484961774,0.7642738036839634,0,0,10,1114,0.7413464860681659
Crack500,focal_seed2,focal,2,OIS_test_oracle,,0.4567971530249111,0.03,0.81,1124,12009557,4810850,2467811,0.7674383881921318,0.6226369382594079,0.7139873012585248,0.8295400793845953,0.7404570695240357,0.603042319360523,0.6991098368918855,0.8058418893875582,0,0,0,1124,
Crack500,bce_dice_seed0,bce_dice,0,fixed_0.5,0.5,0.5,0.5,0.5,1124,11134407,4635662,3342961,0.7362215185372566,0.5825558270980582,0.7060468156480482,0.7690905556866414,0.6869968170965373,0.5486383511526898,0.6820898131335714,0.7475994957619888,0,0,14,1110,
Crack500,bce_dice_seed0,bce_dice,0,val_selected,0.62,0.6199999999999999,0.62,0.62,1124,10953021,4306419,3524347,0.7366642041741669,0.5831103706616776,0.7177865635960429,0.7565616208692078,0.68652011407403,0.5484715430316701,0.6917922066041974,0.7352405966851479,0,0,14,1110,
Crack500,bce_dice_seed0,bce_dice,0,ODS_test_oracle,0.61,0.6100000000000001,0.61,0.61,1124,10969270,4334346,3508098,0.7366626972433147,0.5831084822999116,0.7167763488054065,0.7576839933888535,0.6866072028401413,0.5485393110856017,0.6910015012930458,0.7363512722869655,0,0,14,1110,0.7366626972433147
Crack500,bce_dice_seed0,bce_dice,0,OIS_test_oracle,,0.4716992882562277,0.01,0.99,1124,11559804,4080952,2917564,0.7676310782172223,0.6228906495846607,0.7390821773576673,0.7984741425375109,0.7262013030730665,0.5924263175754554,0.707919638370867,0.7690506544882013,0,0,8,1116,
Crack500,bce_dice_seed1,bce_dice,1,fixed_0.5,0.5,0.5,0.5,0.5,1124,10714980,3989893,3762388,0.7343493599412053,0.5802149003038404,0.7286686529016606,0.7401193366086984,0.6867357729413817,0.5474060788667112,0.693084795254287,0.7308698783318817,0,0,12,1112,
Crack500,bce_dice_seed1,bce_dice,1,val_selected,0.31,0.30999999999999994,0.31,0.31,1124,11042889,4510695,3434479,0.7354338284047739,0.5815700632550039,0.7099899933031513,0.7627691027816659,0.688138475086751,0.5487276899535765,0.6773420202860038,0.7525943054494859,0,0,11,1113,
Crack500,bce_dice_seed1,bce_dice,1,ODS_test_oracle,0.37,0.3700000000000001,0.37,0.37,1124,10934566,4327801,3542802,0.7353506008039412,0.5814659788486878,0.7164397239301086,0.7552868725862325,0.6879141241917092,0.5485730143113227,0.6827627971408403,0.7454054182042775,0,0,12,1112,0.7353506008039412
Crack500,bce_dice_seed1,bce_dice,1,OIS_test_oracle,,0.4102935943060498,0.01,0.99,1124,11586738,4164082,2890630,0.7666180983127404,0.6215577650880162,0.7356276054199083,0.8003345635753681,0.7261423325507304,0.5908477362022831,0.7038504186391185,0.771649673475272,0,0,7,1117,
Crack500,bce_dice_seed2,bce_dice,2,fixed_0.5,0.5,0.5,0.5,0.5,1124,10939872,4336428,3537496,0.7353629139103118,0.581481376751401,0.7161336187427584,0.7556533756688371,0.6896767360910775,0.5498043327601759,0.6984975898618886,0.7351472427352397,0,0,9,1115,
Crack500,bce_dice_seed2,bce_dice,2,val_selected,0.5,0.5,0.5,0.5,1124,10939872,4336428,3537496,0.7353629139103118,0.581481376751401,0.7161336187427584,0.7556533756688371,0.6896767360910775,0.5498043327601759,0.6984975898618886,0.7351472427352397,0,0,9,1115,
Crack500,bce_dice_seed2,bce_dice,2,ODS_test_oracle,0.5,0.5,0.5,0.5,1124,10939872,4336428,3537496,0.7353629139103118,0.581481376751401,0.7161336187427584,0.7556533756688371,0.6896767360910775,0.5498043327601759,0.6984975898618886,0.7351472427352397,0,0,9,1115,0.7353629139103118
Crack500,bce_dice_seed2,bce_dice,2,OIS_test_oracle,,0.4218683274021352,0.01,0.99,1124,11584129,4079820,2893239,0.7686544685489357,0.6242394591249493,0.7395407760839875,0.800154351260533,0.7303895617209296,0.5955693821649471,0.7112318655168561,0.770491719085966,0,0,6,1118,
Crack500,focal_tversky_seed0,focal_tversky,0,fixed_0.5,0.5,0.5,0.5,0.5,1124,11503423,5298262,2973945,0.7355352478222407,0.5816969168618142,0.6846588898672961,0.7945797191865261,0.6852475608027842,0.546590157238953,0.6594108733752915,0.7725419520722265,0,0,14,1110,
Crack500,focal_tversky_seed0,focal_tversky,0,val_selected,0.99,0.9900000000000002,0.99,0.99,1124,11331446,4979724,3145922,0.7360821095175094,0.5823812725971589,0.6947046717065667,0.7827006953197571,0.6845012611597742,0.5462473263103567,0.6697110938123143,0.7589821761636619,0,0,14,1110,
Crack500,focal_tversky_seed0,focal_tversky,0,ODS_test_oracle,0.99,0.9900000000000002,0.99,0.99,1124,11331446,4979724,3145922,0.7360821095175094,0.5823812725971589,0.6947046717065667,0.7827006953197571,0.6845012611597742,0.5462473263103567,0.6697110938123143,0.7589821761636619,0,0,14,1110,0.7360821095175094
Crack500,focal_tversky_seed0,focal_tversky,0,OIS_test_oracle,,0.5621352313167259,0.01,0.99,1124,11540705,5178271,2936663,0.739875480280638,0.5871447374465923,0.6902758278975937,0.7971549110307896,0.6909661069980866,0.5530973338384453,0.6625489795922268,0.7752292551955662,0,0,14,1110,
Crack500,focal_tversky_seed1,focal_tversky,1,fixed_0.5,0.5,0.5,0.5,0.5,1124,11704743,5865798,2772625,0.7304528354720428,0.5753648670025108,0.6661572344300611,0.8084855617402279,0.6866648239580249,0.5460803918602004,0.6466551310174197,0.797936950949788,0,0,9,1115,
Crack500,focal_tversky_seed1,focal_tversky,1,val_selected,0.99,0.9900000000000002,0.99,0.99,1124,11544178,5526482,2933190,0.7318478353068534,0.5770978086718307,0.6762584457777262,0.7973948027017066,0.6872029247823069,0.5471275773864543,0.6564652430933362,0.7854851020715078,0,0,10,1114,
Crack500,focal_tversky_seed1,focal_tversky,1,ODS_test_oracle,0.99,0.9900000000000002,0.99,0.99,1124,11544178,5526482,2933190,0.7318478353068534,0.5770978086718307,0.6762584457777262,0.7973948027017066,0.6872029247823069,0.5471275773864543,0.6564652430933362,0.7854851020715078,0,0,10,1114,0.7318478353068534
Crack500,focal_tversky_seed1,focal_tversky,1,OIS_test_oracle,,0.6177846975088968,0.01,0.99,1124,11734266,5712047,2743102,0.7351449226672826,0.5812088166001839,0.6725928853850094,0.8105248136263442,0.6925668891971661,0.5527821282247056,0.6510829189557888,0.7995345834237804,0,0,9,1115,
Crack500,focal_tversky_seed2,focal_tversky,2,fixed_0.5,0.5,0.5,0.5,0.5,1124,11857124,6135225,2620244,0.7303496978430702,0.5752368952319584,0.6590092266440586,0.8190110246558628,0.6866968560479134,0.5456124049984308,0.6395793624210844,0.8071311649178121,0,0,9,1115,
Crack500,focal_tversky_seed2,focal_tversky,2,val_selected,0.99,0.9900000000000002,0.99,0.99,1124,11716995,5821948,2760373,0.7319391044146216,0.5772113208149476,0.6680559370082907,0.8093318481646664,0.6874508223594735,0.5467636853373137,0.6489881082646222,0.7959864792379127,0,0,10,1114,
Crack500,focal_tversky_seed2,focal_tversky,2,ODS_test_oracle,0.99,0.9900000000000002,0.99,0.99,1124,11716995,5821948,2760373,0.7319391044146216,0.5772113208149476,0.6680559370082907,0.8093318481646664,0.6874508223594735,0.5467636853373137,0.6489881082646222,0.7959864792379127,0,0,10,1114,0.7319391044146216
Crack500,focal_tversky_seed2,focal_tversky,2,OIS_test_oracle,,0.6315658362989324,0.01,0.99,1124,11872548,5976557,2604820,0.7345402636408865,0.5804532870830416,0.665162090760293,0.8200764116792499,0.6918223752827094,0.5515091041119013,0.6446883525290209,0.8079696197549515,0,0,8,1116,
Crack500,dice_boundary_seed0,dice_boundary,0,fixed_0.5,0.5,0.5,0.5,0.5,1124,10663003,3735021,3814365,0.7385529519391459,0.5854807406101418,0.7405879445679491,0.736529112197742,0.6922676993450377,0.5527582599584445,0.7078860056687749,0.7221113657686887,0,0,16,1108,
Crack500,dice_boundary_seed0,dice_boundary,0,val_selected,0.01,0.009999999999999998,0.01,0.01,1124,10881373,4036364,3595995,0.7403527219923182,0.5877460578990773,0.7294251802401397,0.7516126550074571,0.6949590163649306,0.5554789465798206,0.6969060609431762,0.7391449649030666,0,0,15,1109,
Crack500,dice_boundary_seed0,dice_boundary,0,ODS_test_oracle,0.01,0.009999999999999998,0.01,0.01,1124,10881373,4036364,3595995,0.7403527219923182,0.5877460578990773,0.7294251802401397,0.7516126550074571,0.6949590163649306,0.5554789465798206,0.6969060609431762,0.7391449649030666,0,0,15,1109,0.7403527219923182
Crack500,dice_boundary_seed0,dice_boundary,0,OIS_test_oracle,,0.3707918149466192,0.01,0.99,1124,10782687,3759084,3694681,0.7431431373618631,0.5912710981280789,0.7414975108602659,0.7447960844816544,0.6985108394727524,0.55991639374466,0.7074502497485918,0.7301129073453639,0,0,15,1109,
Crack500,dice_boundary_seed1,dice_boundary,1,fixed_0.5,0.5,0.5,0.5,0.5,1124,10614003,3675999,3863365,0.7379195943181459,0.5846850889975397,0.7427572788303318,0.7331445190866185,0.6840689397952119,0.5462107042085594,0.7080862649401387,0.7076283778229937,0,0,24,1100,
Crack500,dice_boundary_seed1,dice_boundary,1,val_selected,0.01,0.009999999999999998,0.01,0.01,1124,10809284,3941193,3668084,0.7396565843290875,0.5868690827692782,0.7328091152577642,0.7466332278077065,0.686875520728626,0.54904628527538,0.6983170298259286,0.7227711017309582,0,0,23,1101,
Crack500,dice_boundary_seed1,dice_boundary,1,ODS_test_oracle,0.01,0.009999999999999998,0.01,0.01,1124,10809284,3941193,3668084,0.7396565843290875,0.5868690827692782,0.7328091152577642,0.7466332278077065,0.686875520728626,0.54904628527538,0.6983170298259286,0.7227711017309582,0,0,23,1101,0.7396565843290875
Crack500,dice_boundary_seed1,dice_boundary,1,OIS_test_oracle,,0.3729893238434163,0.01,0.99,1124,10714583,3676980,3762785,0.7422916352531377,0.5901937651520176,0.7445044711265899,0.7400919144971655,0.6899605614792239,0.5529225731394807,0.7078281324970707,0.7148968435736339,0,0,23,1101,
Crack500,dice_boundary_seed2,dice_boundary,2,fixed_0.5,0.5,0.5,0.5,0.5,1124,10695892,3847992,3781476,0.7371075513902708,0.5836661326162215,0.7354219821885268,0.7388008649085939,0.6916972202276134,0.5521697151086318,0.7016439295417113,0.7235599591690137,0,0,15,1109,
Crack500,dice_boundary_seed2,dice_boundary,2,val_selected,0.14,0.14,0.14,0.14,1124,10797680,3990406,3679688,0.7379130356221366,0.5846768538536371,0.7301607523786378,0.7458317009003294,0.6928794672185551,0.5533839763452221,0.697127171035908,0.7315192484214956,0,0,13,1111,
Crack500,dice_boundary_seed2,dice_boundary,2,ODS_test_oracle,0.01,0.009999999999999998,0.01,0.01,1124,10950150,4221345,3527218,0.7386556442316186,0.5856098224514168,0.7217581391945883,0.7563633113422275,0.6940928442345359,0.554534579199384,0.6884896416697178,0.7433838068605604,0,0,13,1111,0.7386556442316186
Crack500,dice_boundary_seed2,dice_boundary,2,OIS_test_oracle,,0.39609430604982204,0.01,0.99,1124,10813435,3850631,3663933,0.7421347213043805,0.5899953944781424,0.7374104153650154,0.7469199511955488,0.6984644249068791,0.5600484824004023,0.7024915490489515,0.7312951635241474,0,0,14,1110,
Crack500,dice_cldice_seed0,dice_cldice,0,fixed_0.5,0.5,0.5,0.5,0.5,1124,11530454,5763800,2946914,0.7258335126862582,0.5696535891604674,0.6667216753032539,0.7964468403372768,0.6877398231751852,0.543203970481215,0.6477453597592051,0.7814444979845377,0,0,5,1119,
Crack500,dice_cldice_seed0,dice_cldice,0,val_selected,0.31,0.30999999999999994,0.31,0.31,1124,11581182,5848520,2896186,0.7259320269770931,0.5697749589095443,0.66445094700988,0.799950792160564,0.6879578844659248,0.5434506884980832,0.6453466545534322,0.7853365657816695,0,0,5,1119,
Crack500,dice_cldice_seed0,dice_cldice,0,ODS_test_oracle,0.26,0.26,0.26,0.26,1124,11596464,5874543,2880904,0.7259501617844413,0.569797303064071,0.6637547566662871,0.8010063707712617,0.6880051982053237,0.543505235285683,0.6446088496587041,0.7864922321087351,0,0,5,1119,0.7259501617844413
Crack500,dice_cldice_seed0,dice_cldice,0,OIS_test_oracle,,0.46494661921708186,0.01,0.99,1124,11604068,5680236,2873300,0.7306962933185633,0.5756670286805912,0.6713644934733849,0.8015316043634451,0.6936846714221306,0.5499854004053658,0.649906648652576,0.7845767652494648,0,0,5,1119,
Crack500,dice_cldice_seed1,dice_cldice,1,fixed_0.5,0.5,0.5,0.5,0.5,1124,11623901,5992924,2853467,0.7243616314016682,0.5678424616512554,0.6598181567904545,0.8029015356935045,0.6840338499826053,0.5402874378499183,0.6448589484982513,0.7876042118203378,0,0,5,1119,
Crack500,dice_cldice_seed1,dice_cldice,1,val_selected,0.5,0.5,0.5,0.5,1124,11623901,5992924,2853467,0.7243616314016682,0.5678424616512554,0.6598181567904545,0.8029015356935045,0.6840338499826053,0.5402874378499183,0.6448589484982513,0.7876042118203378,0,0,5,1119,
Crack500,dice_cldice_seed1,dice_cldice,1,ODS_test_oracle,0.7,0.7000000000000002,0.7,0.7,1124,11577772,5907735,2899596,0.7244512266183815,0.5679525877303637,0.662135332993204,0.7997152521093613,0.6839226839986842,0.5401825347371022,0.6472521548316623,0.7841252608802466,0,0,5,1119,0.7244512266183815
Crack500,dice_cldice_seed1,dice_cldice,1,OIS_test_oracle,,0.5502491103202847,0.01,0.99,1124,11646984,5800084,2830384,0.7296594997011067,0.5743810415628157,0.6675611053960471,0.8044959553421589,0.6904281789387892,0.5474661938640109,0.6492469172624534,0.7880904367253134,0,0,5,1119,
Crack500,dice_cldice_seed2,dice_cldice,2,fixed_0.5,0.5,0.5,0.5,0.5,1124,11312041,5379636,3165327,0.7258509845264749,0.5696751131238126,0.677705481600201,0.7813603273744233,0.6846269213726203,0.5407262279261503,0.6582120573154281,0.7644392001322659,0,0,8,1116,
Crack500,dice_cldice_seed2,dice_cldice,2,val_selected,0.5,0.5,0.5,0.5,1124,11312041,5379636,3165327,0.7258509845264749,0.5696751131238126,0.677705481600201,0.7813603273744233,0.6846269213726203,0.5407262279261503,0.6582120573154281,0.7644392001322659,0,0,8,1116,
Crack500,dice_cldice_seed2,dice_cldice,2,ODS_test_oracle,0.5,0.5,0.5,0.5,1124,11312041,5379636,3165327,0.7258509845264749,0.5696751131238126,0.677705481600201,0.7813603273744233,0.6846269213726203,0.5407262279261503,0.6582120573154281,0.7644392001322659,0,0,8,1116,0.7258509845264749
Crack500,dice_cldice_seed2,dice_cldice,2,OIS_test_oracle,,0.4737811387900356,0.01,0.99,1124,11393688,5253069,3083680,0.7321451125132031,0.5774675948637124,0.6844388970175993,0.7869999574508295,0.692513155784727,0.5496064017579164,0.659840263829588,0.7697107965462335,0,0,7,1117,
DeepCrack,bce_seed0,bce,0,fixed_0.5,0.5,0.5,0.5,0.5,237,1655855,166713,486408,0.8352714150994077,0.7171382465647109,0.9085285158084636,0.7729466456732903,0.8086771187550749,0.6991606662304464,0.8937733514327213,0.7754991794469954,0,0,0,237,
DeepCrack,bce_seed0,bce,0,val_selected,0.48,0.4800000000000001,0.48,0.48,237,1669264,175315,472999,0.8373865831653223,0.7202622738048083,0.9049566323806136,0.7792059144932252,0.8109070526848701,0.7021255746033341,0.8896456573353396,0.7823693243312927,0,0,0,237,
DeepCrack,bce_seed0,bce,0,ODS_test_oracle,0.28,0.2800000000000002,0.28,0.28,237,1791368,290406,350895,0.8481781764695716,0.7363796718748009,0.8605007075696017,0.8362035847139216,0.8207886816590408,0.7144820017783923,0.8391204289592985,0.8441314962227513,0,0,0,237,0.8481781764695716
DeepCrack,bce_seed0,bce,0,OIS_test_oracle,,0.34603375527426156,0.02,0.96,237,1838948,225293,303315,0.8743355527535455,0.776728406846554,0.8908591584025315,0.8584137428504344,0.8515710474641796,0.7545325925364134,0.8664943142380402,0.8427752176281246,0,0,0,237,
DeepCrack,focal_seed0,focal,0,fixed_0.5,0.5,0.5,0.5,0.5,237,1602344,160752,539919,0.8205873006809361,0.6957592547161005,0.9088240231955605,0.747967919905259,0.796953217722847,0.681075019018852,0.8976276933955573,0.7551187929148448,0,0,0,237,
DeepCrack,focal_seed0,focal,0,val_selected,0.49,0.4900000000000002,0.49,0.49,237,1620636,171437,521627,0.8238421934476364,0.7004520897264123,0.9043359282797073,0.7565065540505531,0.8003253708511496,0.6854465770208815,0.8926196669481713,0.7641364519008257,0,0,0,237,
DeepCrack,focal_seed0,focal,0,ODS_test_oracle,0.39,0.39,0.39,0.39,237,1788816,322743,353447,0.841039422900159,0.7256842376854256,0.8471541642928282,0.8350123210828923,0.8158981484165212,0.7062758738457968,0.8313066870315052,0.8445390383732092,0,0,0,237,0.841039422900159
DeepCrack,focal_seed0,focal,0,OIS_test_oracle,,0.40683544303797464,0.12,0.77,237,1875909,240306,266354,0.8810232200330729,0.787347187006966,0.8864453753517483,0.8756669932683335,0.8585145707981213,0.7619548189752956,0.8658040872446912,0.8542166765618809,0,0,0,237,
DeepCrack,bce_dice_seed0,bce_dice,0,fixed_0.5,0.5,0.5,0.5,0.5,237,1637435,140047,504828,0.8354803692587145,0.7174463591711906,0.9212104538892658,0.7643482616280074,0.8211849692400317,0.7134543655289202,0.9010478624811257,0.7874103630922407,0,0,0,237,
DeepCrack,bce_dice_seed0,bce_dice,0,val_selected,0.52,0.5199999999999999,0.52,0.52,237,1631852,137085,510411,0.8344508079361833,0.7159292920607121,0.9225043062585044,0.7617421390370837,0.8202919910173135,0.7122737810790839,0.9025226991880823,0.7848202286960021,0,0,0,237,
DeepCrack,bce_dice_seed0,bce_dice,0,ODS_test_oracle,0.08,0.08,0.08,0.08,237,1791128,275443,351135,0.8511278895770182,0.7408378024457896,0.8667149592247254,0.8360915536514424,0.8296492198944893,0.7237732192343164,0.8406531070387551,0.8567887189702138,0,0,0,237,0.8511278895770182
DeepCrack,bce_dice_seed0,bce_dice,0,OIS_test_oracle,,0.30957805907172997,0.01,0.99,237,1819379,182251,322884,0.8781013409371333,0.7826922100705782,0.9089487068039548,0.8492790100935319,0.8611110479024366,0.7670376262913104,0.8884689637943579,0.8436599018957911,0,0,0,237,
DeepCrack,focal_tversky_seed0,focal_tversky,0,fixed_0.5,0.5,0.5,0.5,0.5,237,1927968,487164,214295,0.8460833436645276,0.733227429398116,0.7982868017151857,0.8999679311083653,0.8290721151284629,0.7245121869951953,0.8057578919248939,0.8940025222174145,0,0,0,237,
DeepCrack,focal_tversky_seed0,focal_tversky,0,val_selected,0.99,0.99,0.99,0.99,237,1751673,219784,390590,0.8516248067442607,0.7415910860368147,0.888516969936448,0.8176741137759462,0.8227144180258591,0.716676190666541,0.8796675146621411,0.8088960335006199,0,0,0,237,
DeepCrack,focal_tversky_seed0,focal_tversky,0,ODS_test_oracle,0.88,0.8800000000000002,0.88,0.88,237,1866072,327525,276191,0.8607621094777045,0.7555595864908243,0.850690441316249,0.871075120094965,0.8329883445048833,0.7298729566786925,0.8399755814564551,0.8632222079942066,0,0,0,237,0.8607621094777045
DeepCrack,focal_tversky_seed0,focal_tversky,0,OIS_test_oracle,,0.650675105485232,0.01,0.99,237,1930824,309083,211439,0.8812182092433657,0.7876586985272581,0.8620107888407867,0.9013011007518684,0.858373893794073,0.7643623910870488,0.8438274483855401,0.8887218025752424,0,0,0,237,
DeepCrack,dice_boundary_seed0,dice_boundary,0,fixed_0.5,0.5,0.5,0.5,0.5,237,1621226,128513,521037,0.8331064578075756,0.7139524109819727,0.9265530459114187,0.7567819637458146,0.8138314721119718,0.7075343831146848,0.9068518099563675,0.7741815896110549,0,0,0,237,
DeepCrack,dice_boundary_seed0,dice_boundary,0,val_selected,0.5,0.5,0.5,0.5,237,1621226,128513,521037,0.8331064578075756,0.7139524109819727,0.9265530459114187,0.7567819637458146,0.8138314721119718,0.7075343831146848,0.9068518099563675,0.7741815896110549,0,0,0,237,
DeepCrack,dice_boundary_seed0,dice_boundary,0,ODS_test_oracle,0.09,0.09,0.09,0.09,237,1731920,234017,410343,0.8431527189523392,0.7288366690794014,0.880964140763412,0.8084534905378098,0.8201000744335858,0.7140188207106034,0.8540690993662934,0.8293476867092453,0,0,0,237,0.8431527189523392
DeepCrack,dice_boundary_seed0,dice_boundary,0,OIS_test_oracle,,0.31025316455696206,0.01,0.99,237,1785793,204566,356470,0.8642421203778134,0.7609386964282442,0.8972215565131717,0.8336011964917472,0.8481931372673935,0.7520263823989235,0.8774503816778106,0.8334585884486965,0,0,0,237,
DeepCrack,dice_cldice_seed0,dice_cldice,0,fixed_0.5,0.5,0.5,0.5,0.5,237,1968658,1046418,173605,0.763439440378071,0.6173894472353929,0.6529381017261257,0.918961864159536,0.717212359541484,0.5758162546062728,0.6154640355576041,0.9142956667396699,0,0,1,236,
DeepCrack,dice_cldice_seed0,dice_cldice,0,val_selected,0.99,0.99,0.99,0.99,237,1655832,347017,486431,0.7989323328296075,0.6651851137678365,0.826738311275588,0.772935909363136,0.769607959075135,0.6419343686893744,0.8049009752546908,0.77909860180019,0,0,1,236,
DeepCrack,dice_cldice_seed0,dice_cldice,0,ODS_test_oracle,0.94,0.9399999999999996,0.94,0.94,237,1786801,495819,355462,0.8076150262052126,0.677310637046157,0.7827851328736277,0.8340717269541602,0.7723360014321154,0.6453706978524262,0.7545293132519219,0.8356362847063854,0,0,1,236,0.8076150262052126
DeepCrack,dice_cldice_seed0,dice_cldice,0,OIS_test_oracle,,0.868818565400844,0.42,0.99,237,1863467,696112,278796,0.7926540279320318,0.6565260051966354,0.7280365247566104,0.8698591162709713,0.7972217375767328,0.6760603254277257,0.7620690013976429,0.8560076576242277,0,0,0,237,
